,mean_fit_time,std_fit_time,mean_score_time,std_score_time,param_max_depth,param_min_samples_split,params,split0_test_accuracy,split1_test_accuracy,split2_test_accuracy,split3_test_accuracy,mean_test_accuracy,std_test_accuracy,rank_test_accuracy
0,0.6749561429023743,0.012315926643573562,0.03792494535446167,0.0016416209365359361,1,10,"{'max_depth': 1, 'min_samples_split': 10}",0.8910649999475214,0.8910743524077417,0.8910743524077417,0.8910837050642876,0.8910743524077417,6.613257453754711e-06,226
1,0.6988958716392517,0.013869374867604778,0.04841572046279907,0.004070789181651888,1,30,"{'max_depth': 1, 'min_samples_split': 30}",0.8910649999475214,0.8910743524077417,0.8910743524077417,0.8910837050642876,0.8910743524077417,6.613257453754711e-06,226
2,0.6932974457740784,0.022627810610377837,0.03983241319656372,0.002118256968709338,1,50,"{'max_depth': 1, 'min_samples_split': 50}",0.8910649999475214,0.8910743524077417,0.8910743524077417,0.8910837050642876,0.8910743524077417,6.613257453754711e-06,226
3,0.6661337614059448,0.02524066512684642,0.05491137504577637,0.006169613158705343,1,70,"{'max_depth': 1, 'min_samples_split': 70}",0.8910649999475214,0.8910743524077417,0.8910743524077417,0.8910837050642876,0.8910743524077417,6.613257453754711e-06,226
4,0.6977290511131287,0.008085475538269214,0.04287087917327881,0.0017714746104175896,1,90,"{'max_depth': 1, 'min_samples_split': 90}",0.8910649999475214,0.8910743524077417,0.8910743524077417,0.8910837050642876,0.8910743524077417,6.613257453754711e-06,226
5,0.6780189871788025,0.034337090826078026,0.04869508743286133,0.0032394860638559494,1,110,"{'max_depth': 1, 'min_samples_split': 110}",0.8910649999475214,0.8910743524077417,0.8910743524077417,0.8910837050642876,0.8910743524077417,6.613257453754711e-06,226
6,0.6887728571891785,0.011651287829365968,0.0376470685005188,0.005510285889500763,1,130,"{'max_depth': 1, 'min_samples_split': 130}",0.8910649999475214,0.8910743524077417,0.8910743524077417,0.8910837050642876,0.8910743524077417,6.613257453754711e-06,226
7,0.6584227085113525,0.01590417385697553,0.05411142110824585,0.009203726648576405,1,150,"{'max_depth': 1, 'min_samples_split': 150}",0.8910649999475214,0.8910743524077417,0.8910743524077417,0.8910837050642876,0.8910743524077417,6.613257453754711e-06,226
8,0.6887462735176086,0.013262361768211049,0.0381198525428772,0.0021620300597912177,1,170,"{'max_depth': 1, 'min_samples_split': 170}",0.8910649999475214,0.8910743524077417,0.8910743524077417,0.8910837050642876,0.8910743524077417,6.613257453754711e-06,226
9,0.6597931981086731,0.025848486341465325,0.047297120094299316,0.001923251356860951,1,190,"{'max_depth': 1, 'min_samples_split': 190}",0.8910649999475214,0.8910743524077417,0.8910743524077417,0.8910837050642876,0.8910743524077417,6.613257453754711e-06,226
10,0.6908624768257141,0.01301071373909488,0.037422776222229004,0.004077926907097748,1,210,"{'max_depth': 1, 'min_samples_split': 210}",0.8910649999475214,0.8910743524077417,0.8910743524077417,0.8910837050642876,0.8910743524077417,6.613257453754711e-06,226
11,0.6608216762542725,0.01090387024949757,0.05282038450241089,0.0076989267126434755,1,230,"{'max_depth': 1, 'min_samples_split': 230}",0.8910649999475214,0.8910743524077417,0.8910743524077417,0.8910837050642876,0.8910743524077417,6.613257453754711e-06,226
12,0.6872718334197998,0.005634947399617662,0.0333172082901001,0.003385771834811652,1,250,"{'max_depth': 1, 'min_samples_split': 250}",0.8910649999475214,0.8910743524077417,0.8910743524077417,0.8910837050642876,0.8910743524077417,6.613257453754711e-06,226
13,0.6505063772201538,0.02319980834219292,0.046815335750579834,0.0034237727279567295,1,270,"{'max_depth': 1, 'min_samples_split': 270}",0.8910649999475214,0.8910743524077417,0.8910743524077417,0.8910837050642876,0.8910743524077417,6.613257453754711e-06,226
14,0.6831589341163635,0.016411470207597846,0.03628683090209961,0.003453983627415247,1,290,"{'max_depth': 1, 'min_samples_split': 290}",0.8910649999475214,0.8910743524077417,0.8910743524077417,0.8910837050642876,0.8910743524077417,6.613257453754711e-06,226
15,0.6501767039299011,0.02302076821309315,0.0506858229637146,0.006713849645540146,1,310,"{'max_depth': 1, 'min_samples_split': 310}",0.8910649999475214,0.8910743524077417,0.8910743524077417,0.8910837050642876,0.8910743524077417,6.613257453754711e-06,226
16,0.6895965933799744,0.0048350911501513424,0.037525057792663574,0.0027068389283896165,1,330,"{'max_depth': 1, 'min_samples_split': 330}",0.8910649999475214,0.8910743524077417,0.8910743524077417,0.8910837050642876,0.8910743524077417,6.613257453754711e-06,226
17,0.6671784520149231,0.016648361307933165,0.049783289432525635,0.002033877459346498,1,350,"{'max_depth': 1, 'min_samples_split': 350}",0.8910649999475214,0.8910743524077417,0.8910743524077417,0.8910837050642876,0.8910743524077417,6.613257453754711e-06,226
18,0.6818611025810242,0.013902217859493077,0.039533019065856934,0.005812267096039636,1,370,"{'max_depth': 1, 'min_samples_split': 370}",0.8910649999475214,0.8910743524077417,0.8910743524077417,0.8910837050642876,0.8910743524077417,6.613257453754711e-06,226
19,0.6741939187049866,0.013633724618270133,0.05511307716369629,0.0025257962265640465,1,390,"{'max_depth': 1, 'min_samples_split': 390}",0.8910649999475214,0.8910743524077417,0.8910743524077417,0.8910837050642876,0.8910743524077417,6.613257453754711e-06,226
20,0.6899635791778564,0.0067802478702343755,0.035104334354400635,0.0037405213779484383,1,410,"{'max_depth': 1, 'min_samples_split': 410}",0.8910649999475214,0.8910743524077417,0.8910743524077417,0.8910837050642876,0.8910743524077417,6.613257453754711e-06,226
21,0.6575304269790649,0.006289861886011333,0.050398051738739014,0.0026987413820259774,1,430,"{'max_depth': 1, 'min_samples_split': 430}",0.8910649999475214,0.8910743524077417,0.8910743524077417,0.8910837050642876,0.8910743524077417,6.613257453754711e-06,226
22,0.6778746247291565,0.012839850911692393,0.037344396114349365,0.006001484656838231,1,450,"{'max_depth': 1, 'min_samples_split': 450}",0.8910649999475214,0.8910743524077417,0.8910743524077417,0.8910837050642876,0.8910743524077417,6.613257453754711e-06,226
23,0.6769511103630066,0.021900145353103913,0.05439615249633789,0.0016592690182181894,1,470,"{'max_depth': 1, 'min_samples_split': 470}",0.8910649999475214,0.8910743524077417,0.8910743524077417,0.8910837050642876,0.8910743524077417,6.613257453754711e-06,226
24,0.6818704009056091,0.012625510847552306,0.03894484043121338,0.007263526438563911,1,490,"{'max_depth': 1, 'min_samples_split': 490}",0.8910649999475214,0.8910743524077417,0.8910743524077417,0.8910837050642876,0.8910743524077417,6.613257453754711e-06,226
25,1.2335591316223145,0.01834128430359539,0.034044086933135986,0.003520938346232714,3,10,"{'max_depth': 3, 'min_samples_split': 10}",0.9397651059542177,0.910449641042865,0.8955980519753138,0.8908318026764629,0.9091612788110333,0.019093135118832306,201
26,1.1795534491539001,0.01968028166960067,0.03852277994155884,0.006710274630287686,3,30,"{'max_depth': 3, 'min_samples_split': 30}",0.9397651059542177,0.910449641042865,0.8955980519753138,0.8908318026764629,0.9091612788110333,0.019093135118832306,201
27,1.1864976286888123,0.03136045799055337,0.03866147994995117,0.0010187593522970094,3,50,"{'max_depth': 3, 'min_samples_split': 50}",0.9397651059542177,0.910449641042865,0.8955980519753138,0.8908318026764629,0.9091612788110333,0.019093135118832306,201
28,1.1689314246177673,0.019945961784637506,0.038548290729522705,0.0063838022154535014,3,70,"{'max_depth': 3, 'min_samples_split': 70}",0.9397651059542177,0.910449641042865,0.8955980519753138,0.8908318026764629,0.9091612788110333,0.019093135118832306,201
29,1.1911093592643738,0.013829391817279263,0.038551270961761475,0.002430597324177904,3,90,"{'max_depth': 3, 'min_samples_split': 90}",0.9397651059542177,0.910449641042865,0.8955980519753138,0.8908318026764629,0.9091612788110333,0.019093135118832306,201
30,1.1724198460578918,0.021425492121192276,0.03896969556808472,0.0086534522001261,3,110,"{'max_depth': 3, 'min_samples_split': 110}",0.9397651059542177,0.910449641042865,0.8955980519753138,0.8908318026764629,0.9091612788110333,0.019093135118832306,201
31,1.180805265903473,0.01766011157782878,0.035343289375305176,0.004272265892480821,3,130,"{'max_depth': 3, 'min_samples_split': 130}",0.9397651059542177,0.910449641042865,0.8955980519753138,0.8908318026764629,0.9091612788110333,0.019093135118832306,201
32,1.1536678075790405,0.02452596220759273,0.04061490297317505,0.007808570548345461,3,150,"{'max_depth': 3, 'min_samples_split': 150}",0.9397651059542177,0.910449641042865,0.8955980519753138,0.8908318026764629,0.9091612788110333,0.019093135118832306,201
33,1.178510069847107,0.0228761404892346,0.038979411125183105,0.005360781826689995,3,170,"{'max_depth': 3, 'min_samples_split': 170}",0.9397651059542177,0.910449641042865,0.8955980519753138,0.8908318026764629,0.9091612788110333,0.019093135118832306,201
34,1.1737895011901855,0.021356922147694246,0.03737717866897583,0.007261472525974805,3,190,"{'max_depth': 3, 'min_samples_split': 190}",0.9397651059542177,0.910449641042865,0.8955980519753138,0.8908318026764629,0.9091612788110333,0.019093135118832306,201
35,1.1678743958473206,0.026811411106788273,0.036284029483795166,0.003967245597678669,3,210,"{'max_depth': 3, 'min_samples_split': 210}",0.9397651059542177,0.910449641042865,0.8955980519753138,0.8908318026764629,0.9091612788110333,0.019093135118832306,201
36,1.1674733757972717,0.01972054124847626,0.04072999954223633,0.005655452018698504,3,230,"{'max_depth': 3, 'min_samples_split': 230}",0.9397651059542177,0.910449641042865,0.8955980519753138,0.8908318026764629,0.9091612788110333,0.019093135118832306,201
37,1.1710847616195679,0.026275781616991088,0.040265679359436035,0.005093136533434657,3,250,"{'max_depth': 3, 'min_samples_split': 250}",0.9397651059542177,0.910449641042865,0.8955980519753138,0.8908318026764629,0.9091612788110333,0.019093135118832306,201
38,1.1570457816123962,0.006751945623674909,0.041338980197906494,0.007616634185294321,3,270,"{'max_depth': 3, 'min_samples_split': 270}",0.9397651059542177,0.910449641042865,0.8955980519753138,0.8908318026764629,0.9091612788110333,0.019093135118832306,201
39,1.1775967478752136,0.01739551243603195,0.038380563259124756,0.006069192128679275,3,290,"{'max_depth': 3, 'min_samples_split': 290}",0.9397651059542177,0.910449641042865,0.8955980519753138,0.8908318026764629,0.9091612788110333,0.019093135118832306,201
40,1.162764310836792,0.011847818373444166,0.042321979999542236,0.0026591896079334507,3,310,"{'max_depth': 3, 'min_samples_split': 310}",0.9397651059542177,0.910449641042865,0.8955980519753138,0.8908318026764629,0.9091612788110333,0.019093135118832306,201
41,1.1794449090957642,0.010709096193945179,0.03707170486450195,0.00330817612015366,3,330,"{'max_depth': 3, 'min_samples_split': 330}",0.9397651059542177,0.910449641042865,0.8955980519753138,0.8908318026764629,0.9091612788110333,0.019093135118832306,201
42,1.161113977432251,0.007906838988763397,0.04123830795288086,0.004556655110350743,3,350,"{'max_depth': 3, 'min_samples_split': 350}",0.9397651059542177,0.910449641042865,0.8955980519753138,0.8908318026764629,0.9091612788110333,0.019093135118832306,201
43,1.1783424019813538,0.012583836127111179,0.03614407777786255,0.004053737993647808,3,370,"{'max_depth': 3, 'min_samples_split': 370}",0.9397651059542177,0.910449641042865,0.8955980519753138,0.8908318026764629,0.9091612788110333,0.019093135118832306,201
44,1.162124216556549,0.010018198646151595,0.04075437784194946,0.003306692530632706,3,390,"{'max_depth': 3, 'min_samples_split': 390}",0.9397651059542177,0.910449641042865,0.8955980519753138,0.8908318026764629,0.9091612788110333,0.019093135118832306,201
45,1.171069622039795,0.012514648260906631,0.032087624073028564,0.0008369140344324964,3,410,"{'max_depth': 3, 'min_samples_split': 410}",0.9397651059542177,0.910449641042865,0.8955980519753138,0.8908318026764629,0.9091612788110333,0.019093135118832306,201
46,1.162529468536377,0.013567061820853626,0.04020130634307861,0.0045944517054214845,3,430,"{'max_depth': 3, 'min_samples_split': 430}",0.9397651059542177,0.910449641042865,0.8955980519753138,0.8908318026764629,0.9091612788110333,0.019093135118832306,201
47,1.176541805267334,0.016020206537184858,0.03398245573043823,0.004400779950913501,3,450,"{'max_depth': 3, 'min_samples_split': 450}",0.9397651059542177,0.910449641042865,0.8955980519753138,0.8908318026764629,0.9091612788110333,0.019093135118832306,201
48,1.1742579936981201,0.022565827404019436,0.037127912044525146,0.004779563472379775,3,470,"{'max_depth': 3, 'min_samples_split': 470}",0.9397651059542177,0.910449641042865,0.8955980519753138,0.8908318026764629,0.9091612788110333,0.019093135118832306,201
49,1.156238853931427,0.008032134225962523,0.030584990978240967,0.001407091507593109,3,490,"{'max_depth': 3, 'min_samples_split': 490}",0.9397651059542177,0.910449641042865,0.8955980519753138,0.8908318026764629,0.9091612788110333,0.019093135118832306,201
50,1.6050737500190735,0.037392014135928284,0.037098467350006104,0.0056089519986450365,5,10,"{'max_depth': 5, 'min_samples_split': 10}",0.8986429043735634,0.9630547042277173,0.9777488559553298,0.9910469692993965,0.9576231159998321,0.035462627082284336,184
51,1.5706104636192322,0.03687191919299449,0.03368222713470459,0.003723241336011166,5,30,"{'max_depth': 5, 'min_samples_split': 30}",0.8984959643985432,0.9630232167597296,0.9777803434233175,0.9910469692993965,0.957586380620513,0.03552699150538917,185
52,1.5846776962280273,0.03705101367678929,0.03614377975463867,0.0015076599666835233,5,50,"{'max_depth': 5, 'min_samples_split': 50}",0.8984644772610388,0.963012720937067,0.9777698476006549,0.9910469692993965,0.9575732608421849,0.03553819145473646,190
53,1.5810995697975159,0.05891683074816838,0.03629392385482788,0.003948979280001732,5,70,"{'max_depth': 5, 'min_samples_split': 70}",0.8985694343860533,0.963012720937067,0.9777803434233175,0.9909525059039622,0.9575785087535161,0.03547380789500516,186
54,1.5752398371696472,0.02869333544770691,0.03490263223648071,0.005560713848651964,5,90,"{'max_depth': 5, 'min_samples_split': 90}",0.8985694343860533,0.963012720937067,0.9777803434233175,0.9909525059039622,0.9575785087535161,0.03547380789500516,186
55,1.5916821360588074,0.009873310562470927,0.03752690553665161,0.002043377468286465,5,110,"{'max_depth': 5, 'min_samples_split': 110}",0.8985694343860533,0.963012720937067,0.9777698476006549,0.9909525059039622,0.9575758847978505,0.035472313848832634,189
56,1.5917544960975647,0.061712314951911526,0.04008829593658447,0.003422020572257995,5,130,"{'max_depth': 5, 'min_samples_split': 130}",0.8985694343860533,0.9629812334690793,0.9777803434233175,0.9909525059039622,0.9575706368865191,0.035472604608056575,191
57,1.6027047038078308,0.0344031704126367,0.03264063596725464,0.005919496680062122,5,150,"{'max_depth': 5, 'min_samples_split': 150}",0.8985694343860533,0.963012720937067,0.9777803434233175,0.9909525059039622,0.9575785087535161,0.03547380789500516,186
58,1.5815391540527344,0.03648225771207203,0.03528338670730591,0.0042156470359970095,5,170,"{'max_depth': 5, 'min_samples_split': 170}",0.8984224944110331,0.9629812334690793,0.9777803434233175,0.9909525059039622,0.9575339015072001,0.0355337106026856,200
59,1.605627179145813,0.02317966342036353,0.03678905963897705,0.0035173642584356117,5,190,"{'max_depth': 5, 'min_samples_split': 190}",0.8984224944110331,0.9629917292917419,0.9777803434233175,0.9909525059039622,0.9575365254628658,0.03553411314449777,199
60,1.5996689796447754,0.04666686777526812,0.037441909313201904,0.008174018744511532,5,210,"{'max_depth': 5, 'min_samples_split': 210}",0.8989157928986009,0.963012720937067,0.9777698476006549,0.9909525059039622,0.9576624753348167,0.035328299460734194,182
61,1.578842580318451,0.019984824582182936,0.03452247381210327,0.0034222934433436013,5,230,"{'max_depth': 5, 'min_samples_split': 230}",0.8989472800361052,0.9629812334690793,0.9777803434233175,0.9909525059039622,0.9576650992904824,0.035315515795360485,180
62,1.6154364943504333,0.03876556597306241,0.03862142562866211,0.00595514876079719,5,250,"{'max_depth': 5, 'min_samples_split': 250}",0.8989472800361052,0.9629812334690793,0.9777803434233175,0.9909525059039622,0.9576650992904824,0.035315515795360485,180
63,1.5771331191062927,0.013085779210535888,0.03718596696853638,0.003423691536286833,5,270,"{'max_depth': 5, 'min_samples_split': 270}",0.8989472800361052,0.963012720937067,0.9777698476006549,0.9909525059039622,0.9576703472018137,0.03531520970548359,179
64,1.595868468284607,0.03611482379369033,0.03729933500289917,0.0050468106544621985,5,290,"{'max_depth': 5, 'min_samples_split': 290}",0.8989472800361052,0.9630232167597296,0.9777803434233175,0.9909525059039622,0.9576755951131449,0.03531710040168096,176
65,1.564752221107483,0.028116714238946405,0.036025047302246094,0.004303604764669382,5,310,"{'max_depth': 5, 'min_samples_split': 310}",0.8989472800361052,0.9630232167597296,0.9777698476006549,0.9909525059039622,0.9576729711574793,0.035315606939444966,178
66,1.5952816009521484,0.028172291894514322,0.0359073281288147,0.0038510312417559065,5,330,"{'max_depth': 5, 'min_samples_split': 330}",0.8989472800361052,0.9630232167597296,0.9777803434233175,0.9909525059039622,0.9576755951131449,0.03531710040168096,176
67,1.5914552211761475,0.012257777075699262,0.03541594743728638,0.002534586034264754,5,350,"{'max_depth': 5, 'min_samples_split': 350}",0.8989472800361052,0.9628447877744658,0.9777698476006549,0.9909525059039622,0.9576283639111633,0.03530893291326975,183
68,1.5863366723060608,0.010932621797860599,0.03469568490982056,0.002930278919270129,5,370,"{'max_depth': 5, 'min_samples_split': 370}",0.898632408661062,0.9628447877744658,0.9777698476006549,0.9909525059039622,0.957549645241194,0.03543977887699987,193
69,1.600531280040741,0.022868657301748516,0.03974604606628418,0.005830736956890356,5,390,"{'max_depth': 5, 'min_samples_split': 390}",0.898632408661062,0.9628342919518031,0.9777698476006549,0.9909525059039622,0.9575470212855284,0.03543938711472836,196
70,1.584621250629425,0.010013139617643855,0.0363040566444397,0.0024260894451441214,5,410,"{'max_depth': 5, 'min_samples_split': 410}",0.898632408661062,0.9628447877744658,0.9777803434233175,0.9909525059039622,0.9575522691968597,0.03544127623739246,192
71,1.5812909007072449,0.01410274346252366,0.037314653396606445,0.004191341304143043,5,430,"{'max_depth': 5, 'min_samples_split': 430}",0.898632408661062,0.9628342919518031,0.9777698476006549,0.9909525059039622,0.9575470212855284,0.03543938711472836,196
72,1.598248541355133,0.017764623080391007,0.03522258996963501,0.0028677478937607324,5,450,"{'max_depth': 5, 'min_samples_split': 450}",0.898632408661062,0.9628342919518031,0.9777803434233175,0.9909525059039622,0.957549645241194,0.03544088468594393,193
73,1.5755404233932495,0.006263300671952316,0.038130760192871094,0.004913147706161815,5,470,"{'max_depth': 5, 'min_samples_split': 470}",0.898632408661062,0.9628342919518031,0.9777803434233175,0.9909525059039622,0.957549645241194,0.03544088468594393,193
74,1.579301655292511,0.020132819046346284,0.03496730327606201,0.0015485666498323974,5,490,"{'max_depth': 5, 'min_samples_split': 490}",0.898632408661062,0.9627923086611528,0.9777803434233175,0.9909525059039622,0.9575391494185315,0.03543932426528244,198
75,1.9256411790847778,0.0399951153096101,0.03669637441635132,0.002342096204085479,7,10,"{'max_depth': 7, 'min_samples_split': 10}",0.971010842071014,0.9555187035559847,0.9961270414375079,0.9972920493308843,0.979987090138125,0.017601365816955386,46
76,1.9147278666496277,0.017143501883254173,0.034894704818725586,0.002814288474224558,7,30,"{'max_depth': 7, 'min_samples_split': 30}",0.9723647889837002,0.9552668038120828,0.9960955539695201,0.9972815533980582,0.9802521096603551,0.017517774020373862,32
77,1.9290872812271118,0.010095119496729945,0.0352625846862793,0.002452085518370764,7,50,"{'max_depth': 7, 'min_samples_split': 50}",0.970465065020939,0.9552458121667576,0.996074562324195,0.9972815533980582,0.9797666778622108,0.017751820363352964,55
78,1.9130935668945312,0.011533996738851554,0.037390053272247314,0.002717713922969017,7,70,"{'max_depth': 7, 'min_samples_split': 70}",0.9689221952832268,0.9552248205214324,0.9960010915655569,0.997187090002624,0.9793337251773794,0.01793168124178495,74
79,1.9393583536148071,0.020842189438002034,0.04072439670562744,0.002997318576199701,7,90,"{'max_depth': 7, 'min_samples_split': 90}",0.9703601078959245,0.9539443301565976,0.9959905957428943,0.997187090002624,0.9793704605566984,0.01817507400962206,72
80,1.9320605397224426,0.008548157206615326,0.03813213109970093,0.004111652461483012,7,110,"{'max_depth': 7, 'min_samples_split': 110}",0.9702131679209043,0.9539443301565976,0.9959905957428943,0.997187090002624,0.9793337251773794,0.018193387840323993,74
81,1.9400510787963867,0.028850046874154954,0.03789186477661133,0.004495568965146339,7,130,"{'max_depth': 7, 'min_samples_split': 130}",0.9689116995707253,0.9539233385112725,0.9960010915655569,0.997187090002624,0.9790057307191737,0.018374014118347697,86
82,1.9222203493118286,0.022999965952316424,0.035847604274749756,0.0028463506101077127,7,150,"{'max_depth': 7, 'min_samples_split': 150}",0.968880212433221,0.9534090432008061,0.996022083210882,0.997208081868276,0.9788797808472228,0.01856429716572787,93
83,1.9339109063148499,0.01718442962887046,0.03667992353439331,0.0015920705881177111,7,170,"{'max_depth': 7, 'min_samples_split': 170}",0.9702341593459072,0.9534090432008061,0.996022083210882,0.997208081868276,0.979218271128091,0.018390414297017137,77
84,1.9228991866111755,0.030810906183212486,0.037815093994140625,0.00389876394631797,7,190,"{'max_depth': 7, 'min_samples_split': 190}",0.9703601078959245,0.9533985473781434,0.996022083210882,0.997208081868276,0.9792471346404131,0.018378796721507957,76
85,1.9530380368232727,0.008615288100595071,0.039620935916900635,0.0034422246502096936,7,210,"{'max_depth': 7, 'min_samples_split': 210}",0.969258058083273,0.9535454888954196,0.9960325790335447,0.997208081868276,0.979010978630505,0.01846941793886931,85
86,1.9103139638900757,0.046053595787248436,0.03799164295196533,0.003959816277922416,7,230,"{'max_depth': 7, 'min_samples_split': 230}",0.9692895452207773,0.9534300348461312,0.9960325790335447,0.997208081868276,0.9789899869851799,0.01850510843497389,88
87,1.9366024732589722,0.013622005459687423,0.03657388687133789,0.0034692470834037747,7,250,"{'max_depth': 7, 'min_samples_split': 250}",0.9699507751083682,0.9534195390234687,0.996022083210882,0.997208081868276,0.9791500482807842,0.018421735388442412,78
88,1.9332207441329956,0.04695969858375645,0.039820075035095215,0.004450380592602279,7,270,"{'max_depth': 7, 'min_samples_split': 270}",0.9692790495082758,0.9534090432008061,0.996022083210882,0.997208081868276,0.9789794911625174,0.018511316404897903,91
89,1.9353856444358826,0.018778041232966888,0.041636884212493896,0.005144673988527063,7,290,"{'max_depth': 7, 'min_samples_split': 290}",0.9692790495082758,0.9534195390234687,0.9960325790335447,0.997208081868276,0.9789847390738486,0.018510108296580476,90
90,1.9342643022537231,0.02552297756915789,0.03800541162490845,0.004234211099854954,7,310,"{'max_depth': 7, 'min_samples_split': 310}",0.9693000409332787,0.9534300348461312,0.9960325790335447,0.997208081868276,0.9789926109408456,0.01850373345536054,87
91,1.9520478248596191,0.018765422416015462,0.039944350719451904,0.004402788218806963,7,330,"{'max_depth': 7, 'min_samples_split': 330}",0.9692790495082758,0.9534510264914564,0.996022083210882,0.997208081868276,0.9789899869851799,0.018496821341914528,88
92,1.9262243509292603,0.036826493377170685,0.03677630424499512,0.0023636385232355932,7,350,"{'max_depth': 7, 'min_samples_split': 350}",0.9692790495082758,0.95326210168353,0.9959800999202317,0.997208081868276,0.9789322599605357,0.018552449191956068,92
93,1.956389605998993,0.012204754783351689,0.038987040519714355,0.0031637840482432113,7,370,"{'max_depth': 7, 'min_samples_split': 370}",0.9689641781332325,0.95326210168353,0.9959905957428943,0.997208081868276,0.978856165246232,0.018596280158649066,95
94,1.9193845391273499,0.04190015696978884,0.03857243061065674,0.006753106845661093,7,390,"{'max_depth': 7, 'min_samples_split': 390}",0.9689641781332325,0.9532516058608673,0.9958961333389311,0.9972920493308843,0.9788509173349007,0.018598955309874047,99
95,1.9610138535499573,0.03983864778499649,0.03713953495025635,0.0033294370440042987,7,410,"{'max_depth': 7, 'min_samples_split': 410}",0.9689641781332325,0.95326210168353,0.9959066291615937,0.9972920493308843,0.978856165246232,0.018597749192435037,95
96,1.9403254389762878,0.023814801444156555,0.03776979446411133,0.0054521720705669905,7,430,"{'max_depth': 7, 'min_samples_split': 430}",0.9689641781332325,0.95326210168353,0.9959066291615937,0.9972920493308843,0.978856165246232,0.018597749192435037,95
97,1.9565841555595398,0.020844613701116538,0.03685915470123291,0.002526039560199049,7,450,"{'max_depth': 7, 'min_samples_split': 450}",0.9689641781332325,0.9532516058608673,0.9959066291615937,0.9972920493308843,0.9788535412905663,0.01860136046251278,98
98,1.9333115220069885,0.038033946656197394,0.034928977489471436,0.003318583772302558,7,470,"{'max_depth': 7, 'min_samples_split': 470}",0.9689641781332325,0.9532725975061925,0.9959066291615937,0.9972920493308843,0.9788587892018976,0.01859413833184975,94
99,1.9460783004760742,0.0161802483054409,0.036824941635131836,0.001367461363314452,7,490,"{'max_depth': 7, 'min_samples_split': 490}",0.9689641781332325,0.9532201183928797,0.9958961333389311,0.9972920493308843,0.9788430454679038,0.01860979186524756,100
100,2.286069631576538,0.022655979188067037,0.037805140018463135,0.0033718060403866907,9,10,"{'max_depth': 9, 'min_samples_split': 10}",0.9762062197592284,0.9553927536840338,0.9961375372601704,0.9974704801889268,0.9813016919266132,0.017166584304187157,15
101,2.2972532510757446,0.012834476121089282,0.0383380651473999,0.0012925082439700858,9,30,"{'max_depth': 9, 'min_samples_split': 30}",0.9757758955466692,0.9550044082455182,0.9961060497921828,0.9974494883232747,0.9810839036063647,0.017333563912183055,22
102,2.2533217668533325,0.034444967973730964,0.04023265838623047,0.008048055845140763,9,50,"{'max_depth': 9, 'min_samples_split': 50}",0.9745374014714989,0.9549624249548679,0.9961060497921828,0.9974494883232747,0.9807637810151559,0.01745188600909996,26
103,2.3003175854682922,0.010340518978487022,0.03581809997558594,0.0011801479077054309,9,70,"{'max_depth': 9, 'min_samples_split': 70}",0.9735193173588589,0.9549309374868802,0.9958541500482808,0.9972605615324062,0.9803911793106344,0.01745797403598757,30
104,2.260047972202301,0.053785864546111936,0.03899788856506348,0.005223827019278169,9,90,"{'max_depth': 9, 'min_samples_split': 90}",0.973592787346369,0.9533880515554809,0.9954028296737898,0.9971241144056678,0.9798768840001679,0.01788621922791332,53
105,2.2948039770126343,0.011436272322113594,0.036007583141326904,0.002636523337997317,9,110,"{'max_depth': 9, 'min_samples_split': 110}",0.9739916244214238,0.9532516058608673,0.9954133254964525,0.997187090002624,0.9799608505814685,0.017920204933999675,48
106,2.236314833164215,0.05156507403850364,0.04041212797164917,0.006675014876618352,9,130,"{'max_depth': 9, 'min_samples_split': 130}",0.975062187096571,0.9531886309248919,0.9954028296737898,0.9970716347415377,0.9801812628573827,0.01783104844621029,38
107,2.295360565185547,0.016742322518231403,0.03691583871841431,0.0011128174776556645,9,150,"{'max_depth': 9, 'min_samples_split': 150}",0.9727426346337521,0.9526533439691003,0.9954343171417775,0.9970926266071897,0.9794806666946555,0.018233236384004967,65
108,2.2370465993881226,0.04573107613297633,0.03763401508331299,0.0016989007456476872,9,170,"{'max_depth': 9, 'min_samples_split': 170}",0.9742120343839542,0.9526533439691003,0.9954133254964525,0.9970926266071897,0.9798427725765145,0.018103639361775673,54
109,2.280544400215149,0.02003581110185026,0.039514124393463135,0.0022515899655606857,9,190,"{'max_depth': 9, 'min_samples_split': 190}",0.9735508044963632,0.9526638397917628,0.9953713422058021,0.9970926266071897,0.9796695915025819,0.01814424505263829,58
110,2.2612293362617493,0.0413057574905778,0.036882877349853516,0.003634801019547694,9,210,"{'max_depth': 9, 'min_samples_split': 210}",0.9733198988213315,0.952810781309039,0.9953923338511272,0.9970926266071897,0.9796538477685881,0.018114064335178308,61
111,2.3168089389801025,0.07344536542261834,0.04076671600341797,0.007797365090436242,9,230,"{'max_depth': 9, 'min_samples_split': 230}",0.9740441029839311,0.9519291322053822,0.9953608463831395,0.9970926266071897,0.9796066165666065,0.01837755504496854,64
112,2.2755561470985413,0.012381685287843005,0.03563791513442993,0.003643648919917432,9,250,"{'max_depth': 9, 'min_samples_split': 250}",0.9733618816713373,0.9518871489147319,0.9953398547378144,0.9970926266071897,0.9794203157143457,0.01844260894891734,68
113,2.308897912502289,0.02993680732860947,0.037638843059539795,0.0024135276059371533,9,270,"{'max_depth': 9, 'min_samples_split': 270}",0.9733618816713373,0.9518766530920694,0.9953503505604769,0.9970086591445815,0.9793993240690205,0.018428708475431477,69
114,2.252022922039032,0.02160667657153241,0.036936819553375244,0.004302069790239878,9,290,"{'max_depth': 9, 'min_samples_split': 290}",0.9733408902463344,0.9518871489147319,0.9953503505604769,0.9970086591445815,0.9793967001133549,0.018426512374208576,70
115,2.3314424753189087,0.035316199263827196,0.038629114627838135,0.0054581537249160025,9,310,"{'max_depth': 9, 'min_samples_split': 310}",0.9735717959213661,0.9519291322053822,0.9953398547378144,0.9970086591445815,0.979462299004996,0.018389820306190515,66
116,2.269705295562744,0.04015633950207035,0.036009132862091064,0.001931311472404309,9,330,"{'max_depth': 9, 'min_samples_split': 330}",0.9735193173588589,0.9519186363827197,0.9953503505604769,0.9970086591445815,0.9794491792266677,0.018400229405247152,67
117,2.295833706855774,0.017820188568908917,0.03676348924636841,0.0032177533001045222,9,350,"{'max_depth': 9, 'min_samples_split': 350}",0.9735088216463574,0.9517402073974558,0.9952873756245014,0.9970086591445815,0.9793862042906923,0.01845426806263076,71
118,2.2376423478126526,0.06696331068078659,0.03744548559188843,0.0020393163328111673,9,370,"{'max_depth': 9, 'min_samples_split': 370}",0.973330394533833,0.9517402073974558,0.9952873756245014,0.9970086591445815,0.9793415970443763,0.0184686308852006,73
119,2.3204708099365234,0.03887033523469335,0.03945380449295044,0.005496930269702244,9,390,"{'max_depth': 9, 'min_samples_split': 390}",0.9723752846962016,0.9517297115747932,0.9952034090432008,0.9970926266071897,0.979100193123137,0.01855671008061655,79
120,2.2558499574661255,0.025663596453025565,0.03473550081253052,0.0014692452458966911,9,410,"{'max_depth': 9, 'min_samples_split': 410}",0.9722493361461843,0.9517402073974558,0.9952034090432008,0.9970926266071897,0.9790713296108149,0.018564334409630463,82
121,2.332089841365814,0.04550585441663153,0.03684729337692261,0.0044371212078638585,9,430,"{'max_depth': 9, 'min_samples_split': 430}",0.9722493361461843,0.9517402073974558,0.9952348965111886,0.9970926266071897,0.9790792014778118,0.01857117866853936,80
122,2.2648536562919617,0.058130301734448685,0.03529012203216553,0.004039605604960444,9,450,"{'max_depth': 9, 'min_samples_split': 450}",0.9722493361461843,0.9517402073974558,0.9952348965111886,0.9970926266071897,0.9790792014778118,0.01857117866853936,80
123,2.307627320289612,0.05652439431505317,0.03661221265792847,0.002220582069259002,9,470,"{'max_depth': 9, 'min_samples_split': 470}",0.9722493361461843,0.9517192157521307,0.9952034090432008,0.9970926266071897,0.9790660816994836,0.018572061202414492,83
124,2.2845911383628845,0.028544745804269196,0.03559178113937378,0.0018098176048909084,9,490,"{'max_depth': 9, 'min_samples_split': 490}",0.9722493361461843,0.9516667366388177,0.9952034090432008,0.9970926266071897,0.9790529619211554,0.018591383577624944,84
125,2.6212870478630066,0.06793746335087143,0.0430598258972168,0.009095086481232863,11,10,"{'max_depth': 11, 'min_samples_split': 10}",0.9765210911342717,0.9596960409756917,0.9960010915655569,0.9975754395171871,0.9824483605525001,0.015534667455394847,4
126,2.5596325993537903,0.0762502538126461,0.03416019678115845,0.0013276606479704072,11,30,"{'max_depth': 11, 'min_samples_split': 30}",0.9774552095469001,0.9591922414878878,0.9958646458709434,0.9975019679874049,0.9825034636214787,0.01559144138042338,3
127,2.5766525268554688,0.04384914261047694,0.03664219379425049,0.0025854577508511354,11,50,"{'max_depth': 11, 'min_samples_split': 50}",0.9740860858339369,0.9594861245224401,0.9957911751123053,0.9975964313828392,0.9817398925227759,0.015832539988618215,7
128,2.5767895579338074,0.035081790402046134,0.03746497631072998,0.006673001505304406,11,70,"{'max_depth': 11, 'min_samples_split': 70}",0.9736137787713719,0.9590662916159368,0.9955077879004156,0.9973235371293624,0.9813777866409169,0.01590600897952278,12
129,2.5753535628318787,0.039936774901874604,0.035050928592681885,0.002596104466533086,11,90,"{'max_depth': 11, 'min_samples_split': 90}",0.9735717959213661,0.9567677064528318,0.9950249800579369,0.997187090002624,0.980637831143205,0.016587475536159527,28
130,2.609876036643982,0.05285561736091873,0.03785383701324463,0.004212328326764268,11,110,"{'max_depth': 11, 'min_samples_split': 110}",0.9739286501464152,0.9565472941769176,0.9950354758805995,0.9972500655995802,0.9806903102565179,0.016647913895711727,27
131,2.584979236125946,0.03411918566186023,0.04165375232696533,0.005064145678680855,11,130,"{'max_depth': 11, 'min_samples_split': 130}",0.9734563430838502,0.9560959738024266,0.9950354758805995,0.9971346103384938,0.980430538645619,0.01683105934353789,29
132,2.58333021402359,0.04530596234347738,0.035988807678222656,0.004509235748190963,11,150,"{'max_depth': 11, 'min_samples_split': 150}",0.9732884116838272,0.9555396952013099,0.9951194424619002,0.9971556022041459,0.980275725261346,0.017073059494062525,31
133,2.608199715614319,0.04774895151749309,0.03893667459487915,0.004952556418871907,11,170,"{'max_depth': 11, 'min_samples_split': 170}",0.9727216432087492,0.9554662244426718,0.9950879549939124,0.9971556022041459,0.9801077920987447,0.017152206009381686,43
134,2.585225462913513,0.0450893258656984,0.03613156080245972,0.0027392034927911806,11,190,"{'max_depth': 11, 'min_samples_split': 190}",0.9730889931462997,0.9550253998908435,0.9950564675259247,0.9971556022041459,0.9800815525420883,0.01726611838723962,44
135,2.6563917994499207,0.06819484105414428,0.04166293144226074,0.002811235296800205,11,210,"{'max_depth': 11, 'min_samples_split': 210}",0.9735298130713603,0.9551828372307821,0.9950669633485872,0.9971556022041459,0.9802337419706957,0.01716727823083577,33
136,2.5748064517974854,0.03249921046513013,0.03553491830825806,0.001672754413553109,11,230,"{'max_depth': 11, 'min_samples_split': 230}",0.9742435215214584,0.9543011881271254,0.9949829967672866,0.9971556022041459,0.9801707670347202,0.017408700902651546,41
137,2.601267457008362,0.03263038192074905,0.039461731910705566,0.003773539948542888,11,250,"{'max_depth': 11, 'min_samples_split': 250}",0.9741175729714412,0.9542592048364751,0.9950354758805995,0.9971556022041459,0.980141903522398,0.01744626344674424,42
138,2.578815758228302,0.037368213154848444,0.03590923547744751,0.002122148748322304,11,270,"{'max_depth': 11, 'min_samples_split': 270}",0.9734563430838502,0.9542592048364751,0.9950039884126117,0.9970716347415377,0.9799477308031403,0.01747823521383522,50
139,2.554487943649292,0.04208775684742791,0.03912043571472168,0.003575149266398641,11,290,"{'max_depth': 11, 'min_samples_split': 290}",0.9734458473713488,0.9542592048364751,0.9950249800579369,0.9970716347415377,0.979950354758806,0.017483733326855082,49
140,2.563339591026306,0.047086318722349085,0.03805994987487793,0.0048603211810511375,11,310,"{'max_depth': 11, 'min_samples_split': 310}",0.9736662573338791,0.9542697006591376,0.9950039884126117,0.9970716347415377,0.980002833872119,0.0174551017712978,45
141,2.5834134221076965,0.043653989907299684,0.03983759880065918,0.005179523446320622,11,330,"{'max_depth': 11, 'min_samples_split': 330}",0.9736137787713719,0.9542906923044628,0.9949725009446241,0.9970716347415377,0.979987090138125,0.017445382795611128,46
142,2.560672342777252,0.04223374134994915,0.03655588626861572,0.0037700079250447354,11,350,"{'max_depth': 11, 'min_samples_split': 350}",0.9736137787713719,0.9541017674965364,0.9949620051219614,0.9970716347415377,0.9799372349804778,0.01751275385084777,51
143,2.5843931436538696,0.04900439066772783,0.04635661840438843,0.00915663435001334,11,370,"{'max_depth': 11, 'min_samples_split': 370}",0.9734353516588473,0.9541962299004996,0.9949725009446241,0.9970716347415377,0.9799188672908182,0.017496547658134194,52
144,2.5474236607551575,0.06263576460493031,0.03559750318527222,0.004320210301400306,11,390,"{'max_depth': 11, 'min_samples_split': 390}",0.9724697461087146,0.9541962299004996,0.9948465510726731,0.9971556022041459,0.9796669675469163,0.01758428207508207,59
145,2.5600045919418335,0.024481744825321824,0.04255640506744385,0.0009815439176835917,11,410,"{'max_depth': 11, 'min_samples_split': 410}",0.9723542932711987,0.9541962299004996,0.9949095260086486,0.9971556022041459,0.9796538477685881,0.01760978616088723,61
146,2.5714595913887024,0.06183136819671086,0.03865617513656616,0.0056352423534244975,11,430,"{'max_depth': 11, 'min_samples_split': 430}",0.9723542932711987,0.9541962299004996,0.9948780385406608,0.9971556022041459,0.9796459759015912,0.017602970578596607,63
147,2.577394425868988,0.044392473993264056,0.039133667945861816,0.00426147482668982,11,450,"{'max_depth': 11, 'min_samples_split': 450}",0.9723542932711987,0.9542172215458248,0.9948675427179983,0.9972710574652323,0.979677463369579,0.017621883496710435,56
148,2.5663949847221375,0.04803906573426947,0.037920594215393066,0.003237625992350512,11,470,"{'max_depth': 11, 'min_samples_split': 470}",0.9723752846962016,0.9541647424325118,0.9948780385406608,0.9972710574652323,0.9796722154582476,0.01764093239031836,57
149,2.5699746012687683,0.03833257950254752,0.037251055240631104,0.0014974330491357058,11,490,"{'max_depth': 11, 'min_samples_split': 490}",0.9723647889837002,0.954112263319199,0.9949095260086486,0.9972710574652323,0.9796643435912507,0.017667778366741237,60
150,2.80631947517395,0.08189482417692205,0.041178762912750244,0.011722982544678564,13,10,"{'max_depth': 13, 'min_samples_split': 10}",0.9768989367843236,0.9619421470254839,0.9959276208069189,0.9976803988454473,0.9831122213359083,0.014690484917301178,1
151,2.8037819862365723,0.09917560860430961,0.04257267713546753,0.01027915385395959,13,30,"{'max_depth': 13, 'min_samples_split': 30}",0.9765315868467731,0.9613648767790419,0.9958751416936059,0.9977223825767515,0.9828734413703346,0.014936288392044833,2
152,2.7919501066207886,0.13750704398925928,0.037984251976013184,0.001832306442238715,13,50,"{'max_depth': 13, 'min_samples_split': 50}",0.9739916244214238,0.9615328099416433,0.9951824173978756,0.9977328785095776,0.9821098702716319,0.015035701947469383,5
153,2.773539185523987,0.08698589126978903,0.039556026458740234,0.0032704458718534283,13,70,"{'max_depth': 13, 'min_samples_split': 70}",0.9746213671715105,0.9611339686804652,0.9948780385406608,0.9974284964576227,0.9820154078676687,0.014947533144808013,6
154,2.8686508536338806,0.25410452731357414,0.05454254150390625,0.032113826654529914,13,90,"{'max_depth': 13, 'min_samples_split': 90}",0.9742120343839542,0.9583105923842311,0.9944372139888324,0.9973130411965363,0.9810681598723708,0.015870876121525945,23
155,2.8174573183059692,0.08922362344498369,0.03983861207962036,0.005913510062187826,13,110,"{'max_depth': 13, 'min_samples_split': 110}",0.9749257428340523,0.9595910827490659,0.9950669633485872,0.9973760167934925,0.9817398925227759,0.015484666049190557,7
156,2.8418190479278564,0.15647946423131834,0.037706613540649414,0.004036358933014916,13,130,"{'max_depth': 13, 'min_samples_split': 130}",0.9741385643964441,0.9591397623745749,0.9951404341072253,0.9972605615324062,0.9814197699315672,0.015721004400712522,11
157,2.7865951657295227,0.10241955995114983,0.041262924671173096,0.0038866377181030927,13,150,"{'max_depth': 13, 'min_samples_split': 150}",0.9742540172339599,0.9586359628867711,0.9951509299298879,0.997187090002624,0.9813069398379445,0.015870964206455937,14
158,2.821546494960785,0.1494410379005378,0.04117470979690552,0.011003061733558308,13,170,"{'max_depth': 13, 'min_samples_split': 170}",0.9752196227840927,0.9585205088374826,0.9951404341072253,0.9972920493308843,0.9815430958478526,0.015834620173877424,9
159,2.837535083293915,0.13120061240317915,0.039392709732055664,0.0023958653653464983,13,190,"{'max_depth': 13, 'min_samples_split': 190}",0.9738446844464036,0.9585100130148201,0.995098450816575,0.997208081868276,0.9811652462319996,0.015955836262716877,16
160,2.775308132171631,0.09911875373498379,0.039464592933654785,0.0037537452706380833,13,210,"{'max_depth': 13, 'min_samples_split': 210}",0.9743904614964787,0.958688442000084,0.9951299382845628,0.997176594069798,0.9813462991729291,0.015829932017538944,13
161,2.7810696959495544,0.10023054987473108,0.03960961103439331,0.0021777504569747254,13,230,"{'max_depth': 13, 'min_samples_split': 230}",0.9744954186214931,0.9577962970737647,0.995098450816575,0.997176594069798,0.9811416306310089,0.01613294285062682,17
162,2.7613362073898315,0.11556743057738461,0.038991689682006836,0.004696485050486456,13,250,"{'max_depth': 13, 'min_samples_split': 250}",0.9758283741091764,0.9577543137831144,0.995098450816575,0.997176594069798,0.9814643771778832,0.016021010444646974,10
163,2.7867706418037415,0.12516740699013743,0.03673195838928223,0.00048136832160098453,13,270,"{'max_depth': 13, 'min_samples_split': 270}",0.9744534357714874,0.9577438179604517,0.9950774591712498,0.9970926266071897,0.9810917754733616,0.016130863545042954,21
164,2.7830312252044678,0.11416785910414934,0.038104116916656494,0.0031740227402653025,13,290,"{'max_depth': 13, 'min_samples_split': 290}",0.9744849229089917,0.9577333221377892,0.9950669633485872,0.9970926266071897,0.9810943994290272,0.01612915605032609,20
165,2.7843092679977417,0.1312953115572994,0.037631988525390625,0.002840721356855576,13,310,"{'max_depth': 13, 'min_samples_split': 310}",0.9746738457340176,0.957712330492464,0.9950879549939124,0.9970926266071897,0.9811416306310089,0.016122161384953988,17
166,2.7969754338264465,0.1037392644621795,0.0596882700920105,0.04045873934381205,13,330,"{'max_depth': 13, 'min_samples_split': 330}",0.9746318628840119,0.9577228263151266,0.9950669633485872,0.9970926266071897,0.9811285108526806,0.01611803121820217,19
167,2.7480238676071167,0.10931886161588565,0.03724712133407593,0.0036528538848020174,13,350,"{'max_depth': 13, 'min_samples_split': 350}",0.9746213671715105,0.9572715059406356,0.9949620051219614,0.9970926266071897,0.9809868172467358,0.016260655114435116,24
168,2.8300797939300537,0.1269981964207329,0.03838580846786499,0.0029370796002825875,13,370,"{'max_depth': 13, 'min_samples_split': 370}",0.9744429400589859,0.9571245644233595,0.9949934925899492,0.9970926266071897,0.9809133464880977,0.016338525199973745,25
169,2.7911890745162964,0.1522495402633727,0.03552687168121338,0.001055465619366052,13,390,"{'max_depth': 13, 'min_samples_split': 390}",0.971651080533602,0.9571245644233595,0.9949200218313111,0.997176594069798,0.9802179982367017,0.016661632471073867,34
170,2.806432068347931,0.07432843310511929,0.038039207458496094,0.0033375990160939,13,410,"{'max_depth': 13, 'min_samples_split': 410}",0.9715356276960861,0.9571560518913472,0.9948465510726731,0.997176594069798,0.9801786389017171,0.016649452199650555,39
171,2.8149662017822266,0.1428324128616728,0.03693467378616333,0.004434818774338515,13,430,"{'max_depth': 13, 'min_samples_split': 430}",0.9715356276960861,0.9571350602460221,0.9948465510726731,0.997176594069798,0.9801733909903858,0.01665670982399173,40
172,2.7785909175872803,0.11809972959986505,0.03831946849822998,0.003025011367039943,13,450,"{'max_depth': 13, 'min_samples_split': 450}",0.9715356276960861,0.9571350602460221,0.9948465510726731,0.9972920493308843,0.9802022545027079,0.016686222635032343,35
173,2.7858003973960876,0.13824797364701766,0.04077446460723877,0.0034810769947158805,13,470,"{'max_depth': 13, 'min_samples_split': 470}",0.9715461234085876,0.9571035727780344,0.994825559427348,0.9972920493308843,0.9801917586800454,0.016691143740703747,36
174,2.767841935157776,0.09267912584358019,0.03582358360290527,0.001326042599526449,13,490,"{'max_depth': 13, 'min_samples_split': 490}",0.9715461234085876,0.9570615894873841,0.9948465510726731,0.9972920493308843,0.9801865107687141,0.016710267964066473,37
175,2.969387948513031,0.22132546630058272,0.042204320430755615,0.003925802380924753,15,10,"{'max_depth': 15, 'min_samples_split': 10}",0.9799951719722494,0.9335194592552164,0.995749191821655,0.9972185778011021,0.9766205550191024,0.025784062182162018,102
176,2.9128003120422363,0.11335732054714551,0.041043877601623535,0.00596456105956178,15,30,"{'max_depth': 15, 'min_samples_split': 30}",0.9817899388099961,0.9340337545656828,0.9955497711910659,0.9970926266071897,0.9771164826399094,0.025577290446922692,101
177,2.930632531642914,0.14024782118707038,0.03727072477340698,0.004460764123358882,15,50,"{'max_depth': 15, 'min_samples_split': 50}",0.9776861152219318,0.93430664595491,0.994899030185986,0.997176594069798,0.9760170452160041,0.02523288724704558,103
178,2.915246367454529,0.12121519806098402,0.04224187135696411,0.003372141806033697,15,70,"{'max_depth': 15, 'min_samples_split': 70}",0.9799217019847393,0.9326588017968849,0.9945421722154583,0.9967672526895828,0.975972437969688,0.025830808828871905,104
179,2.9462704062461853,0.1688693048841193,0.03648108243942261,0.002752060290247473,15,90,"{'max_depth': 15, 'min_samples_split': 90}",0.9781584222844968,0.9307590578949578,0.9940698601956421,0.9966517974284964,0.9749097359251018,0.02645590238150704,107
180,2.902582824230194,0.18075119105753237,0.03705495595932007,0.0034568389099460467,15,110,"{'max_depth': 15, 'min_samples_split': 110}",0.979323446372157,0.9320815315504429,0.9947101053780595,0.9972920493308843,0.9758517360090684,0.0261878025209264,105
181,2.931565761566162,0.16077854830165347,0.03786188364028931,0.0015816827833865705,15,130,"{'max_depth': 15, 'min_samples_split': 130}",0.9764056382967558,0.9315252529493262,0.9946996095553969,0.997176594069798,0.9749517192157521,0.026324375235012274,106
182,2.9133753180503845,0.1684436033441341,0.03829830884933472,0.002921388450966318,15,150,"{'max_depth': 15, 'min_samples_split': 150}",0.9753140841966057,0.9309374868802217,0.9947625844913724,0.9971031225400158,0.9745292623535833,0.02655098859132048,108
183,2.8776944279670715,0.1304348723963068,0.0388907790184021,0.0025154609399720847,15,170,"{'max_depth': 15, 'min_samples_split': 170}",0.9740336072714296,0.9303707124564423,0.9947415928460472,0.9972710574652323,0.9741041815357487,0.026810550867432545,112
184,2.9455426931381226,0.13808913964246344,0.03974980115890503,0.0029103026710188434,15,190,"{'max_depth': 15, 'min_samples_split': 190}",0.9743904614964787,0.9304651748604056,0.9946681220874092,0.9971241144056678,0.974161908560393,0.026726479984647077,110
185,2.9045462608337402,0.14765241103069643,0.03572988510131836,0.001338016355916202,15,210,"{'max_depth': 15, 'min_samples_split': 210}",0.9748312814215393,0.9306855871363198,0.9946786179100718,0.9970926266071897,0.9743219698559973,0.026633079922420314,109
186,2.932230293750763,0.14602501262947154,0.03623145818710327,0.0017125226514660068,15,230,"{'max_depth': 15, 'min_samples_split': 230}",0.9748837599840465,0.9297934422100004,0.9946576262647466,0.9971556022041459,0.9741225492254083,0.027008584408282462,111
187,2.899247467517853,0.1276091549552918,0.03755766153335571,0.005447498950375507,15,250,"{'max_depth': 15, 'min_samples_split': 250}",0.9747683071465306,0.929677988160712,0.9946681220874092,0.9970926266071897,0.9740517024224359,0.02704373966431573,115
188,2.9353920221328735,0.13785262610247345,0.039607226848602295,0.00492519163109854,15,270,"{'max_depth': 15, 'min_samples_split': 270}",0.9747578114340292,0.929027247155632,0.9946996095553969,0.9970716347415377,0.9738890171711658,0.027312277881510718,121
189,2.922349989414215,0.154879131517707,0.03827989101409912,0.003656454307925087,15,290,"{'max_depth': 15, 'min_samples_split': 290}",0.9748837599840465,0.9289642722196566,0.9946471304420841,0.9970716347415377,0.9738916411268316,0.027329240696734015,120
190,2.9363303780555725,0.15884768857123682,0.03831803798675537,0.0043149880124582415,15,310,"{'max_depth': 15, 'min_samples_split': 310}",0.9750726828090724,0.9289957596876444,0.9946891137327344,0.9970716347415377,0.9739572400184726,0.0273260826074519,116
191,2.9133006930351257,0.11907439909248276,0.03518718481063843,0.0010680555133083997,15,330,"{'max_depth': 15, 'min_samples_split': 330}",0.9750202042465653,0.9290062555103069,0.9946681220874092,0.9970086591445815,0.9739257525504849,0.02730393712396434,117
192,2.9618201851844788,0.14120982365923399,0.03819775581359863,0.003454843067330011,15,350,"{'max_depth': 15, 'min_samples_split': 350}",0.9750202042465653,0.9284814643771779,0.9946261387967589,0.9970086591445815,0.9737840589445401,0.027511914834941708,124
193,2.8820979595184326,0.13142380079921395,0.03941655158996582,0.006704302818840353,15,370,"{'max_depth': 15, 'min_samples_split': 370}",0.9748417771340407,0.928428985263865,0.9946261387967589,0.9970716347415377,0.9737420756538897,0.027544927957650452,127
194,2.9235472083091736,0.1798415418510253,0.04078209400177002,0.0034658028785842098,15,390,"{'max_depth': 15, 'min_samples_split': 390}",0.9720499176086569,0.9284184894412024,0.9945211805701331,0.9971556022041459,0.9730362315798312,0.027545674368020367,138
195,2.906833052635193,0.12836930319998108,0.03956294059753418,0.006004143870142981,15,410,"{'max_depth': 15, 'min_samples_split': 410}",0.971934464771141,0.9284394810865275,0.9944687014568202,0.9970926266071897,0.9729837524665184,0.027514213935144007,145
196,2.941264271736145,0.18096375252521296,0.03699386119842529,0.006849595406390561,15,430,"{'max_depth': 15, 'min_samples_split': 430}",0.971934464771141,0.9284394810865275,0.9944372139888324,0.9971031225400158,0.9729785045551871,0.027510370485443022,149
197,2.9241610169410706,0.12801473953070866,0.04361605644226074,0.006321249876858634,15,450,"{'max_depth': 15, 'min_samples_split': 450}",0.971934464771141,0.9283660103278895,0.9944582056341577,0.9972185778011021,0.9729942482891809,0.027569531291323383,144
198,2.912862479686737,0.16407944859076345,0.03670299053192139,0.004276583245945244,15,470,"{'max_depth': 15, 'min_samples_split': 470}",0.9719449604836424,0.9283240270372392,0.9944687014568202,0.9972815533980582,0.9730047441118435,0.027602302347809242,141
199,2.8820548057556152,0.09994552832232691,0.037661075592041016,0.0053621663878203754,15,490,"{'max_depth': 15, 'min_samples_split': 490}",0.9719554561961439,0.9282715479239263,0.9944791972794828,0.9972185778011021,0.9729811285108527,0.0276116522235784,148
200,3.026810109615326,0.16918698094613696,0.03806275129318237,0.002350498104274986,17,10,"{'max_depth': 17, 'min_samples_split': 10}",0.9807718546973562,0.8875267643477895,0.9957282001763298,0.9975019679874049,0.9653821529031446,0.04541712565783432,174
201,2.9858133792877197,0.1593291396144079,0.038562774658203125,0.003039073160947228,17,30,"{'max_depth': 17, 'min_samples_split': 30}",0.9803205390597941,0.9231180989965994,0.995623241949704,0.997208081868276,0.9740674461564297,0.03014578449096112,113
202,3.0388063192367554,0.14718590154983954,0.03937339782714844,0.0036877061025574784,17,50,"{'max_depth': 17, 'min_samples_split': 50}",0.9776966109344333,0.9234224778538141,0.9948570468953356,0.9972185778011021,0.9732986271463957,0.029765316346090843,137
203,2.9659265279769897,0.14654993286471993,0.04051691293716431,0.0026426304949130224,17,70,"{'max_depth': 17, 'min_samples_split': 70}",0.9781899094220011,0.9226877702674335,0.9944582056341577,0.9968092364208869,0.9730362315798312,0.029939852330892292,138
204,3.005020320415497,0.18204756807546307,0.036383211612701416,0.006014735695253283,17,90,"{'max_depth': 17, 'min_samples_split': 90}",0.9778960294719607,0.919927368907175,0.9940068852596666,0.9966308055628444,0.9721152231411898,0.03097274021530695,160
205,3.0451772809028625,0.1880416558373962,0.03881990909576416,0.003954966287890106,17,110,"{'max_depth': 17, 'min_samples_split': 110}",0.9785152765095458,0.9213233133212981,0.9947101053780595,0.9972710574652323,0.9729548889541962,0.030664707414990586,151
206,3.082591474056244,0.11517772535016217,0.03667271137237549,0.003397087500775522,17,130,"{'max_depth': 17, 'min_samples_split': 130}",0.9749677256840581,0.9210189344640833,0.9946996095553969,0.9972395696667541,0.9719814014022419,0.03066013948287566,162
207,3.0014896988868713,0.12777898651874744,0.04208827018737793,0.004814968024758847,17,150,"{'max_depth': 17, 'min_samples_split': 150}",0.9745059143339946,0.9203472018136781,0.9947415928460472,0.9971660981369719,0.9716901423233553,0.030920919614341513,163
208,2.9818865060806274,0.1379511370990459,0.0372045636177063,0.004505674440598873,17,170,"{'max_depth': 17, 'min_samples_split': 170}",0.9740126158464267,0.9197069566312608,0.9947206012007221,0.9972710574652323,0.9714277467567908,0.031193543066441447,169
209,2.9830920696258545,0.1679950940284107,0.04004979133605957,0.0028126910592438767,17,190,"{'max_depth': 17, 'min_samples_split': 190}",0.9742435215214584,0.9198958814391872,0.9946786179100718,0.9971241144056678,0.971485473781435,0.031081939585243103,167
210,3.0361416935920715,0.17150968894265367,0.039071083068847656,0.0020795550884070316,17,210,"{'max_depth': 17, 'min_samples_split': 210}",0.9748102899965364,0.920126789537764,0.9946996095553969,0.9970926266071897,0.9716822704563584,0.03099689316525167,164
211,3.020694673061371,0.19139438867065933,0.03742343187332153,0.001300976886599415,17,230,"{'max_depth': 17, 'min_samples_split': 230}",0.9748837599840465,0.9192346446114447,0.9946786179100718,0.9970926266071897,0.9714723540031067,0.03136613722945509,168
212,3.036446690559387,0.1682901840343335,0.03995591402053833,0.006443326348027218,17,250,"{'max_depth': 17, 'min_samples_split': 250}",0.9747473157215277,0.9297409630966875,0.9946261387967589,0.9971556022041459,0.9740674461564297,0.027023214676235294,113
213,2.970287799835205,0.1870710909532742,0.039363324642181396,0.0024551858349779626,17,270,"{'max_depth': 17, 'min_samples_split': 270}",0.9747473157215277,0.9289642722196566,0.9946471304420841,0.9970716347415377,0.9738575297031782,0.027328066206841948,123
214,2.9810121059417725,0.13653700952982725,0.03957241773605347,0.005172615815669252,17,290,"{'max_depth': 17, 'min_samples_split': 290}",0.9748837599840465,0.928953776396994,0.9946891137327344,0.9970086591445815,0.9738837692598346,0.027328197565266846,122
215,3.001910388469696,0.16859230414562076,0.041681110858917236,0.004777411568345201,17,310,"{'max_depth': 17, 'min_samples_split': 310}",0.9750726828090724,0.9289852638649817,0.9946156429740963,0.9970086591445815,0.9739205046391536,0.027303156530595875,118
216,3.000996470451355,0.16858829335937778,0.047455012798309326,0.009049003705154721,17,330,"{'max_depth': 17, 'min_samples_split': 330}",0.9750202042465653,0.9289117931063436,0.9946471304420841,0.9970086591445815,0.9738968890381628,0.027338807287830717,119
217,2.989579916000366,0.19732791204296848,0.043054938316345215,0.006140079810557304,17,350,"{'max_depth': 17, 'min_samples_split': 350}",0.9750202042465653,0.9284814643771779,0.9945526680381208,0.9970086591445815,0.9737656912548805,0.027498014988213006,126
218,3.0165881514549255,0.1277687547200182,0.04092049598693848,0.005118028709059727,17,370,"{'max_depth': 17, 'min_samples_split': 370}",0.9748417771340407,0.9283345228599018,0.994573659683446,0.9970086591445815,0.9736895965405769,0.027560512102068536,130
219,2.9871689081192017,0.17376627789159846,0.04499417543411255,0.01310343718977107,17,390,"{'max_depth': 17, 'min_samples_split': 390}",0.9720604133211583,0.9283450186825644,0.9944896931021453,0.9970926266071897,0.9729968722448465,0.027555424256536325,142
220,3.009709119796753,0.15526539174308368,0.04061770439147949,0.004380437332142029,17,410,"{'max_depth': 17, 'min_samples_split': 410}",0.971934464771141,0.9284394810865275,0.9944372139888324,0.9970926266071897,0.9729758805995213,0.0275080697440945,150
221,2.9894858598709106,0.20265587676730215,0.03802847862243652,0.0028901759136040336,17,430,"{'max_depth': 17, 'min_samples_split': 430}",0.971934464771141,0.9283555145052269,0.9944791972794828,0.9971660981369719,0.9729837524665184,0.027566349467136923,145
222,2.974602699279785,0.18179346328794743,0.03856241703033447,0.003984101334899432,17,450,"{'max_depth': 17, 'min_samples_split': 450}",0.971934464771141,0.928428985263865,0.9944896931021453,0.9972185778011021,0.9730178638901718,0.02755018021489492,140
223,2.9531373381614685,0.15974270486939884,0.03998613357543945,0.005000620892749765,17,470,"{'max_depth': 17, 'min_samples_split': 470}",0.9719449604836424,0.9283135312145766,0.994447709811495,0.9972815533980582,0.9729968722448465,0.027602470345748892,142
224,3.0055821537971497,0.17088089777557403,0.03824537992477417,0.004201867221914249,17,490,"{'max_depth': 17, 'min_samples_split': 490}",0.9719449604836424,0.9282610521012638,0.994447709811495,0.9972815533980582,0.9729837524665184,0.02762371004467465,145
225,3.0191705226898193,0.1860793712353959,0.04440683126449585,0.0052634134370833805,19,10,"{'max_depth': 19, 'min_samples_split': 10}",0.9797642662972176,0.8822053822578614,0.995749191821655,0.997543951718709,0.9638156513707544,0.047623351211650705,175
226,3.0125131607055664,0.15355827740610173,0.03856629133224487,0.00476009878332847,19,30,"{'max_depth': 19, 'min_samples_split': 30}",0.9801316162347681,0.9221105000209916,0.995423821319115,0.997187090002624,0.9737132121415677,0.03052213930471023,129
227,3.0641976594924927,0.18536651371603657,0.04265475273132324,0.004222917557839551,19,50,"{'max_depth': 19, 'min_samples_split': 50}",0.9790820449846238,0.9223099206515807,0.9948675427179983,0.99719758593545,0.9733642260380369,0.030288824694309217,136
228,3.016133487224579,0.13865368097040745,0.0412479043006897,0.004496429699849874,19,70,"{'max_depth': 19, 'min_samples_split': 70}",0.9782738751220127,0.9216276921785129,0.9945316763927957,0.9967147730254526,0.9727869557915949,0.03038397667965727,158
229,3.032424032688141,0.11456997012368135,0.03833705186843872,0.0038188356861062504,19,90,"{'max_depth': 19, 'min_samples_split': 90}",0.9787041993345719,0.9188882824635795,0.9940068852596666,0.9965993177643663,0.9720496242495487,0.03144524817788275,161
230,3.0954848527908325,0.14590740720180043,0.04407232999801636,0.003603250489682094,19,110,"{'max_depth': 19, 'min_samples_split': 110}",0.9778750380469579,0.9202212519417272,0.9946786179100718,0.9972500655995802,0.972506192535371,0.031090227936583337,159
231,3.020094335079193,0.20050723876583382,0.036177992820739746,0.004159247289097739,19,130,"{'max_depth': 19, 'min_samples_split': 130}",0.9748732642715451,0.919927368907175,0.9946576262647466,0.9971556022041459,0.9716534069440362,0.031086572039113,165
232,3.073378622531891,0.12763643900540028,0.03689420223236084,0.0020286803386259807,19,150,"{'max_depth': 19, 'min_samples_split': 150}",0.9739916244214238,0.9192451404341072,0.9946891137327344,0.9970821306743637,0.9712519417271925,0.0313396953185924,171
233,3.042071223258972,0.17431152788478432,0.03937387466430664,0.002788578951062614,19,170,"{'max_depth': 19, 'min_samples_split': 170}",0.9740231115589282,0.9186888618329905,0.9947101053780595,0.9972500655995802,0.9711679751458919,0.03160976677333128,173
234,2.997903347015381,0.15520251571288382,0.04120558500289917,0.005520820610918907,19,190,"{'max_depth': 19, 'min_samples_split': 190}",0.9743904614964787,0.9188358033502666,0.9946576262647466,0.9971031225400158,0.9712466938158613,0.0315174731927354,172
235,3.0656080842018127,0.1272442205927441,0.03899848461151123,0.0033345337262815893,19,210,"{'max_depth': 19, 'min_samples_split': 210}",0.9748207857090379,0.9190037365128679,0.9946471304420841,0.9971346103384938,0.9714015072001343,0.03146332232937427,170
236,3.061263084411621,0.1262309394387164,0.03884685039520264,0.006326699692834019,19,230,"{'max_depth': 19, 'min_samples_split': 230}",0.9763531597342485,0.9181115915865485,0.9946471304420841,0.9970716347415377,0.9715458247617448,0.03187302326283169,166
237,3.094312369823456,0.1968571953460352,0.03741633892059326,0.002562500286787887,19,250,"{'max_depth': 19, 'min_samples_split': 250}",0.9747578114340292,0.9285759267811411,0.9946576262647466,0.9971346103384938,0.9737814349888744,0.027503053149921214,125
238,3.041871666908264,0.15141725069487247,0.039291441440582275,0.0072940904297258136,19,270,"{'max_depth': 19, 'min_samples_split': 270}",0.9747473157215277,0.927851715017423,0.9946891137327344,0.9969876672789294,0.9735688945799572,0.02777564586821099,134
239,3.0125362277030945,0.18238312917416363,0.037495553493499756,0.002808704040000692,19,290,"{'max_depth': 19, 'min_samples_split': 290}",0.974894255696548,0.927851715017423,0.9946471304420841,0.9969876672789294,0.9735951341366136,0.027769315525818194,133
240,3.0595133304595947,0.16488706602986555,0.03882765769958496,0.005204634733434348,19,310,"{'max_depth': 19, 'min_samples_split': 310}",0.9750726828090724,0.9278307233720979,0.9946156429740963,0.9969876672789294,0.9736266216046013,0.02777421085715012,131
241,3.0205938816070557,0.16923357296536298,0.04013228416442871,0.003562506239485095,19,330,"{'max_depth': 19, 'min_samples_split': 330}",0.9750202042465653,0.9282715479239263,0.9946786179100718,0.9969876672789294,0.9737394516982241,0.027603863653900555,128
242,3.0014726519584656,0.189347445403445,0.03944772481918335,0.0042520937814409495,19,350,"{'max_depth': 19, 'min_samples_split': 350}",0.9750202042465653,0.9278202275494353,0.9945946513287711,0.9970506428758856,0.9736213736932701,0.027787159819202777,132
243,3.0392796397209167,0.11862429645848223,0.04002559185028076,0.003450587256686577,19,370,"{'max_depth': 19, 'min_samples_split': 370}",0.9748417771340407,0.9277677484361224,0.9945841555061086,0.9970506428758856,0.9735610227129602,0.027804643922983086,135
244,3.0178508162498474,0.17128557860458732,0.037248432636260986,0.00209790725113379,19,390,"{'max_depth': 19, 'min_samples_split': 390}",0.9720499176086569,0.9277572526134599,0.9944896931021453,0.9971346103384938,0.9728578025945673,0.027802914365732265,152
245,3.001113474369049,0.1462588243361316,0.037419676780700684,0.0037647976065379864,19,410,"{'max_depth': 19, 'min_samples_split': 410}",0.971934464771141,0.927778244258785,0.9944372139888324,0.9971346103384938,0.9728210672152483,0.027785076695890552,155
246,3.0151066184043884,0.1733867740917968,0.038253068923950195,0.0031456817762863538,19,430,"{'max_depth': 19, 'min_samples_split': 430}",0.971934464771141,0.927778244258785,0.994447709811495,0.9970821306743637,0.9728105713925858,0.02777564681381247,156
247,2.988045334815979,0.1881018623923096,0.03979617357254028,0.00528461451570907,19,450,"{'max_depth': 19, 'min_samples_split': 450}",0.9719449604836424,0.9277677484361224,0.9944582056341577,0.99719758593545,0.9728420588605735,0.02780711028038448,153
248,2.915032982826233,0.10770179606423796,0.030372977256774902,0.002758961344688377,19,470,"{'max_depth': 19, 'min_samples_split': 470}",0.9719449604836424,0.9277467567907972,0.9944162223435072,0.99719758593545,0.9728263151265796,0.027807463361016162,154
249,2.340101659297943,0.20245098821695576,0.025528252124786377,0.005292668395237424,19,490,"{'max_depth': 19, 'min_samples_split': 490}",0.9719554561961439,0.9276208069188463,0.994447709811495,0.99719758593545,0.9728053234812545,0.0278645470438377,157
